operation_id,release,method,path,request_schema,response_schema,permission,guards,idempotency,if_match,financial_effect
get_me,R1,GET,/api/v1/me,NoBody,SessionContext,session.read,"authenticated, membership and entity/object scope",not_applicable,not_applicable,none
get_health,R1,GET,/api/v1/health,NoBody,Health,public,no secrets or dependency internals,not_applicable,not_applicable,none
get_orgs_orgId_entities,R1,GET,/api/v1/orgs/{orgId}/entities,ListQuery,EntityList,entity.read,"authenticated, membership and entity/object scope",not_applicable,not_applicable,none
post_orgs_orgId_entities,R1,POST,/api/v1/orgs/{orgId}/entities,EntityCreate,Entity,entity.create,"authenticated, membership and entity/object scope",required,not_applicable,configure only
get_orgs_orgId_entities_entityId,R1,GET,/api/v1/orgs/{orgId}/entities/{entityId},NoBody,Entity,entity.read,"authenticated, membership and entity/object scope",not_applicable,not_applicable,none
patch_orgs_orgId_entities_entityId,R1,PATCH,/api/v1/orgs/{orgId}/entities/{entityId},EntityPatch,Entity,entity.update,"authenticated, membership and entity/object scope",not_applicable,required,no retroactive policy changes
get_orgs_orgId_memberships,R1,GET,/api/v1/orgs/{orgId}/memberships,ListQuery,MembershipList,membership.read,"authenticated, membership and entity/object scope",not_applicable,not_applicable,none
post_orgs_orgId_memberships,R1,POST,/api/v1/orgs/{orgId}/memberships,MembershipChange,Membership,membership.create,org-admin; no self-escalation; existing user ID,required,not_applicable,none
patch_orgs_orgId_memberships_id,R1,PATCH,/api/v1/orgs/{orgId}/memberships/{id},MembershipChange,Membership,membership.update,org-admin; no self-escalation; preserve last admin,not_applicable,required,none
get_orgs_orgId_entities_entityId_parties,R1,GET,/api/v1/orgs/{orgId}/entities/{entityId}/parties,ListQuery,PartyList,parties.read,"authenticated, membership and entity/object scope",not_applicable,not_applicable,none
post_orgs_orgId_entities_entityId_parties,R1,POST,/api/v1/orgs/{orgId}/entities/{entityId}/parties,PartyCreate,Party,parties.create,"authenticated, membership and entity/object scope",required,not_applicable,draft only
get_orgs_orgId_entities_entityId_parties_id,R1,GET,/api/v1/orgs/{orgId}/entities/{entityId}/parties/{id},NoBody,Party,parties.read,"authenticated, membership and entity/object scope",not_applicable,not_applicable,none
patch_orgs_orgId_entities_entityId_parties_id,R1,PATCH,/api/v1/orgs/{orgId}/entities/{entityId}/parties/{id},PartyPatch,Party,parties.update,"authenticated, membership and entity/object scope",not_applicable,required,draft/master permitted fields only
post_orgs_orgId_entities_entityId_parties_id_archive,R1,POST,/api/v1/orgs/{orgId}/entities/{entityId}/parties/{id}/archive,Reason,Party,parties.update,scope; archival guards; no active dependencies requiring master,required,required,none; preserve history
get_orgs_orgId_entities_entityId_accounts,R1,GET,/api/v1/orgs/{orgId}/entities/{entityId}/accounts,ListQuery,AccountList,accounts.read,"authenticated, membership and entity/object scope",not_applicable,not_applicable,none
post_orgs_orgId_entities_entityId_accounts,R1,POST,/api/v1/orgs/{orgId}/entities/{entityId}/accounts,AccountCreate,Account,accounts.create,"authenticated, membership and entity/object scope",required,not_applicable,draft only
get_orgs_orgId_entities_entityId_accounts_id,R1,GET,/api/v1/orgs/{orgId}/entities/{entityId}/accounts/{id},NoBody,Account,accounts.read,"authenticated, membership and entity/object scope",not_applicable,not_applicable,none
patch_orgs_orgId_entities_entityId_accounts_id,R1,PATCH,/api/v1/orgs/{orgId}/entities/{entityId}/accounts/{id},AccountPatch,Account,accounts.update,"authenticated, membership and entity/object scope",not_applicable,required,draft/master permitted fields only
post_orgs_orgId_entities_entityId_accounts_id_archive,R1,POST,/api/v1/orgs/{orgId}/entities/{entityId}/accounts/{id}/archive,Reason,Account,accounts.update,scope; archival guards; no active dependencies requiring master,required,required,none; preserve history
get_orgs_orgId_entities_entityId_bank_accounts,R1,GET,/api/v1/orgs/{orgId}/entities/{entityId}/bank-accounts,ListQuery,BankAccountList,bank_accounts.read,"authenticated, membership and entity/object scope",not_applicable,not_applicable,none
post_orgs_orgId_entities_entityId_bank_accounts,R1,POST,/api/v1/orgs/{orgId}/entities/{entityId}/bank-accounts,BankAccountCreate,BankAccount,bank_accounts.create,"authenticated, membership and entity/object scope",required,not_applicable,draft only
get_orgs_orgId_entities_entityId_bank_accounts_id,R1,GET,/api/v1/orgs/{orgId}/entities/{entityId}/bank-accounts/{id},NoBody,BankAccount,bank_accounts.read,"authenticated, membership and entity/object scope",not_applicable,not_applicable,none
patch_orgs_orgId_entities_entityId_bank_accounts_id,R1,PATCH,/api/v1/orgs/{orgId}/entities/{entityId}/bank-accounts/{id},BankAccountPatch,BankAccount,bank_accounts.update,"authenticated, membership and entity/object scope",not_applicable,required,draft/master permitted fields only
post_orgs_orgId_entities_entityId_bank_accounts_id_archive,R1,POST,/api/v1/orgs/{orgId}/entities/{entityId}/bank-accounts/{id}/archive,Reason,BankAccount,bank_accounts.update,scope; archival guards; no active dependencies requiring master,required,required,none; preserve history
get_orgs_orgId_entities_entityId_workers,R1,GET,/api/v1/orgs/{orgId}/entities/{entityId}/workers,ListQuery,WorkerList,workers.read,"authenticated, membership and entity/object scope",not_applicable,not_applicable,none
post_orgs_orgId_entities_entityId_workers,R1,POST,/api/v1/orgs/{orgId}/entities/{entityId}/workers,WorkerCreate,Worker,workers.create,"authenticated, membership and entity/object scope",required,not_applicable,draft only
get_orgs_orgId_entities_entityId_workers_id,R1,GET,/api/v1/orgs/{orgId}/entities/{entityId}/workers/{id},NoBody,Worker,workers.read,"authenticated, membership and entity/object scope",not_applicable,not_applicable,none
patch_orgs_orgId_entities_entityId_workers_id,R1,PATCH,/api/v1/orgs/{orgId}/entities/{entityId}/workers/{id},WorkerPatch,Worker,workers.update,"authenticated, membership and entity/object scope",not_applicable,required,draft/master permitted fields only
post_orgs_orgId_entities_entityId_workers_id_archive,R1,POST,/api/v1/orgs/{orgId}/entities/{entityId}/workers/{id}/archive,Reason,Worker,workers.update,scope; archival guards; no active dependencies requiring master,required,required,none; preserve history
get_orgs_orgId_entities_entityId_sites,R1,GET,/api/v1/orgs/{orgId}/entities/{entityId}/sites,ListQuery,SiteList,sites.read,"authenticated, membership and entity/object scope",not_applicable,not_applicable,none
post_orgs_orgId_entities_entityId_sites,R1,POST,/api/v1/orgs/{orgId}/entities/{entityId}/sites,SiteCreate,Site,sites.create,"authenticated, membership and entity/object scope",required,not_applicable,draft only
get_orgs_orgId_entities_entityId_sites_id,R1,GET,/api/v1/orgs/{orgId}/entities/{entityId}/sites/{id},NoBody,Site,sites.read,"authenticated, membership and entity/object scope",not_applicable,not_applicable,none
patch_orgs_orgId_entities_entityId_sites_id,R1,PATCH,/api/v1/orgs/{orgId}/entities/{entityId}/sites/{id},SitePatch,Site,sites.update,"authenticated, membership and entity/object scope",not_applicable,required,draft/master permitted fields only
post_orgs_orgId_entities_entityId_sites_id_archive,R1,POST,/api/v1/orgs/{orgId}/entities/{entityId}/sites/{id}/archive,Reason,Site,sites.update,scope; archival guards; no active dependencies requiring master,required,required,none; preserve history
get_orgs_orgId_entities_entityId_shifts,R1,GET,/api/v1/orgs/{orgId}/entities/{entityId}/shifts,ListQuery,ShiftList,shifts.read,"authenticated, membership and entity/object scope",not_applicable,not_applicable,none
post_orgs_orgId_entities_entityId_shifts,R1,POST,/api/v1/orgs/{orgId}/entities/{entityId}/shifts,ShiftCreate,Shift,shifts.create,"authenticated, membership and entity/object scope",required,not_applicable,draft only
get_orgs_orgId_entities_entityId_shifts_id,R1,GET,/api/v1/orgs/{orgId}/entities/{entityId}/shifts/{id},NoBody,Shift,shifts.read,"authenticated, membership and entity/object scope",not_applicable,not_applicable,none
patch_orgs_orgId_entities_entityId_shifts_id,R1,PATCH,/api/v1/orgs/{orgId}/entities/{entityId}/shifts/{id},ShiftPatch,Shift,shifts.update,"authenticated, membership and entity/object scope",not_applicable,required,draft/master permitted fields only
post_orgs_orgId_entities_entityId_shifts_id_archive,R1,POST,/api/v1/orgs/{orgId}/entities/{entityId}/shifts/{id}/archive,Reason,Shift,shifts.update,scope; archival guards; no active dependencies requiring master,required,required,none; preserve history
get_orgs_orgId_entities_entityId_contracts,R1,GET,/api/v1/orgs/{orgId}/entities/{entityId}/contracts,ListQuery,ContractList,contracts.read,"authenticated, membership and entity/object scope",not_applicable,not_applicable,none
post_orgs_orgId_entities_entityId_contracts,R1,POST,/api/v1/orgs/{orgId}/entities/{entityId}/contracts,ContractCreate,Contract,contracts.create,"authenticated, membership and entity/object scope",required,not_applicable,draft only
get_orgs_orgId_entities_entityId_contracts_id,R1,GET,/api/v1/orgs/{orgId}/entities/{entityId}/contracts/{id},NoBody,Contract,contracts.read,"authenticated, membership and entity/object scope",not_applicable,not_applicable,none
patch_orgs_orgId_entities_entityId_contracts_id,R1,PATCH,/api/v1/orgs/{orgId}/entities/{entityId}/contracts/{id},ContractPatch,Contract,contracts.update,"authenticated, membership and entity/object scope",not_applicable,required,draft/master permitted fields only
post_orgs_orgId_entities_entityId_contracts_id_archive,R1,POST,/api/v1/orgs/{orgId}/entities/{entityId}/contracts/{id}/archive,Reason,Contract,contracts.update,scope; archival guards; no active dependencies requiring master,required,required,none; preserve history
get_orgs_orgId_entities_entityId_assignments,R1,GET,/api/v1/orgs/{orgId}/entities/{entityId}/assignments,ListQuery,AssignmentList,assignments.read,"authenticated, membership and entity/object scope",not_applicable,not_applicable,none
post_orgs_orgId_entities_entityId_assignments,R1,POST,/api/v1/orgs/{orgId}/entities/{entityId}/assignments,AssignmentCreate,Assignment,assignments.create,"authenticated, membership and entity/object scope",required,not_applicable,draft only
get_orgs_orgId_entities_entityId_assignments_id,R1,GET,/api/v1/orgs/{orgId}/entities/{entityId}/assignments/{id},NoBody,Assignment,assignments.read,"authenticated, membership and entity/object scope",not_applicable,not_applicable,none
patch_orgs_orgId_entities_entityId_assignments_id,R1,PATCH,/api/v1/orgs/{orgId}/entities/{entityId}/assignments/{id},AssignmentPatch,Assignment,assignments.update,"authenticated, membership and entity/object scope",not_applicable,required,draft/master permitted fields only
post_orgs_orgId_entities_entityId_assignments_id_archive,R1,POST,/api/v1/orgs/{orgId}/entities/{entityId}/assignments/{id}/archive,Reason,Assignment,assignments.update,scope; archival guards; no active dependencies requiring master,required,required,none; preserve history
get_orgs_orgId_entities_entityId_journals,R1,GET,/api/v1/orgs/{orgId}/entities/{entityId}/journals,ListQuery,JournalList,journals.read,"authenticated, membership and entity/object scope",not_applicable,not_applicable,none
post_orgs_orgId_entities_entityId_journals,R1,POST,/api/v1/orgs/{orgId}/entities/{entityId}/journals,JournalCreate,Journal,journals.create,"authenticated, membership and entity/object scope",required,not_applicable,draft only
get_orgs_orgId_entities_entityId_journals_id,R1,GET,/api/v1/orgs/{orgId}/entities/{entityId}/journals/{id},NoBody,Journal,journals.read,"authenticated, membership and entity/object scope",not_applicable,not_applicable,none
patch_orgs_orgId_entities_entityId_journals_id,R1,PATCH,/api/v1/orgs/{orgId}/entities/{entityId}/journals/{id},JournalPatch,Journal,journals.update,"authenticated, membership and entity/object scope",not_applicable,required,draft/master permitted fields only
post_orgs_orgId_entities_entityId_journals_id_submit,R1,POST,/api/v1/orgs/{orgId}/entities/{entityId}/journals/{id}/submit,Transition,CommandResult,journals.submit,scope; If-Match where required; legal transition; approved snapshot; domain guards,required,required,freeze snapshot
post_orgs_orgId_entities_entityId_journals_id_approve,R1,POST,/api/v1/orgs/{orgId}/entities/{entityId}/journals/{id}/approve,Transition,CommandResult,journals.approve,scope; If-Match where required; legal transition; approved snapshot; domain guards,required,required,approval only; independent checker
post_orgs_orgId_entities_entityId_journals_id_reject,R1,POST,/api/v1/orgs/{orgId}/entities/{entityId}/journals/{id}/reject,Reason,CommandResult,journals.approve,scope; If-Match where required; legal transition; approved snapshot; domain guards,required,required,invalidate approval; return to draft
post_orgs_orgId_entities_entityId_journals_id_post,R1,POST,/api/v1/orgs/{orgId}/entities/{entityId}/journals/{id}/post,NoBody,CommandResult,journals.post,scope; If-Match where required; legal transition; approved snapshot; domain guards,required,required,"atomic posting matrix; subledger, journal, audit, outbox"
post_orgs_orgId_entities_entityId_journals_id_cancel,R1,POST,/api/v1/orgs/{orgId}/entities/{entityId}/journals/{id}/cancel,Reason,CommandResult,journals.update,scope; If-Match where required; legal transition; approved snapshot; domain guards,required,required,pre-post only; release draft reservations
post_orgs_orgId_entities_entityId_journals_id_reverse,R1,POST,/api/v1/orgs/{orgId}/entities/{entityId}/journals/{id}/reverse,DateAction,CommandResult,journals.reverse,scope; If-Match where required; legal transition; approved snapshot; domain guards,required,required,coordinated inverse journal/subledger; dependency guards
get_orgs_orgId_entities_entityId_invoices,R1,GET,/api/v1/orgs/{orgId}/entities/{entityId}/invoices,ListQuery,TradeDocumentList,invoices.read,"authenticated, membership and entity/object scope",not_applicable,not_applicable,none
post_orgs_orgId_entities_entityId_invoices,R1,POST,/api/v1/orgs/{orgId}/entities/{entityId}/invoices,TradeDocumentCreate,TradeDocument,invoices.create,"authenticated, membership and entity/object scope",required,not_applicable,draft only
get_orgs_orgId_entities_entityId_invoices_id,R1,GET,/api/v1/orgs/{orgId}/entities/{entityId}/invoices/{id},NoBody,TradeDocument,invoices.read,"authenticated, membership and entity/object scope",not_applicable,not_applicable,none
patch_orgs_orgId_entities_entityId_invoices_id,R1,PATCH,/api/v1/orgs/{orgId}/entities/{entityId}/invoices/{id},TradeDocumentPatch,TradeDocument,invoices.update,"authenticated, membership and entity/object scope",not_applicable,required,draft/master permitted fields only
post_orgs_orgId_entities_entityId_invoices_id_submit,R1,POST,/api/v1/orgs/{orgId}/entities/{entityId}/invoices/{id}/submit,Transition,CommandResult,invoices.submit,scope; If-Match where required; legal transition; approved snapshot; domain guards,required,required,freeze snapshot
post_orgs_orgId_entities_entityId_invoices_id_approve,R1,POST,/api/v1/orgs/{orgId}/entities/{entityId}/invoices/{id}/approve,Transition,CommandResult,invoices.approve,scope; If-Match where required; legal transition; approved snapshot; domain guards,required,required,approval only; independent checker
post_orgs_orgId_entities_entityId_invoices_id_reject,R1,POST,/api/v1/orgs/{orgId}/entities/{entityId}/invoices/{id}/reject,Reason,CommandResult,invoices.approve,scope; If-Match where required; legal transition; approved snapshot; domain guards,required,required,invalidate approval; return to draft
post_orgs_orgId_entities_entityId_invoices_id_post,R1,POST,/api/v1/orgs/{orgId}/entities/{entityId}/invoices/{id}/post,NoBody,CommandResult,invoices.post,scope; If-Match where required; legal transition; approved snapshot; domain guards,required,required,"atomic posting matrix; subledger, journal, audit, outbox"
post_orgs_orgId_entities_entityId_invoices_id_cancel,R1,POST,/api/v1/orgs/{orgId}/entities/{entityId}/invoices/{id}/cancel,Reason,CommandResult,invoices.update,scope; If-Match where required; legal transition; approved snapshot; domain guards,required,required,pre-post only; release draft reservations
post_orgs_orgId_entities_entityId_invoices_id_reverse,R1,POST,/api/v1/orgs/{orgId}/entities/{entityId}/invoices/{id}/reverse,DateAction,CommandResult,invoices.reverse,scope; If-Match where required; legal transition; approved snapshot; domain guards,required,required,coordinated inverse journal/subledger; dependency guards
get_orgs_orgId_entities_entityId_bills,R1,GET,/api/v1/orgs/{orgId}/entities/{entityId}/bills,ListQuery,TradeDocumentList,bills.read,"authenticated, membership and entity/object scope",not_applicable,not_applicable,none
post_orgs_orgId_entities_entityId_bills,R1,POST,/api/v1/orgs/{orgId}/entities/{entityId}/bills,TradeDocumentCreate,TradeDocument,bills.create,"authenticated, membership and entity/object scope",required,not_applicable,draft only
get_orgs_orgId_entities_entityId_bills_id,R1,GET,/api/v1/orgs/{orgId}/entities/{entityId}/bills/{id},NoBody,TradeDocument,bills.read,"authenticated, membership and entity/object scope",not_applicable,not_applicable,none
patch_orgs_orgId_entities_entityId_bills_id,R1,PATCH,/api/v1/orgs/{orgId}/entities/{entityId}/bills/{id},TradeDocumentPatch,TradeDocument,bills.update,"authenticated, membership and entity/object scope",not_applicable,required,draft/master permitted fields only
post_orgs_orgId_entities_entityId_bills_id_submit,R1,POST,/api/v1/orgs/{orgId}/entities/{entityId}/bills/{id}/submit,Transition,CommandResult,bills.submit,scope; If-Match where required; legal transition; approved snapshot; domain guards,required,required,freeze snapshot
post_orgs_orgId_entities_entityId_bills_id_approve,R1,POST,/api/v1/orgs/{orgId}/entities/{entityId}/bills/{id}/approve,Transition,CommandResult,bills.approve,scope; If-Match where required; legal transition; approved snapshot; domain guards,required,required,approval only; independent checker
post_orgs_orgId_entities_entityId_bills_id_reject,R1,POST,/api/v1/orgs/{orgId}/entities/{entityId}/bills/{id}/reject,Reason,CommandResult,bills.approve,scope; If-Match where required; legal transition; approved snapshot; domain guards,required,required,invalidate approval; return to draft
post_orgs_orgId_entities_entityId_bills_id_post,R1,POST,/api/v1/orgs/{orgId}/entities/{entityId}/bills/{id}/post,NoBody,CommandResult,bills.post,scope; If-Match where required; legal transition; approved snapshot; domain guards,required,required,"atomic posting matrix; subledger, journal, audit, outbox"
post_orgs_orgId_entities_entityId_bills_id_cancel,R1,POST,/api/v1/orgs/{orgId}/entities/{entityId}/bills/{id}/cancel,Reason,CommandResult,bills.update,scope; If-Match where required; legal transition; approved snapshot; domain guards,required,required,pre-post only; release draft reservations
post_orgs_orgId_entities_entityId_bills_id_reverse,R1,POST,/api/v1/orgs/{orgId}/entities/{entityId}/bills/{id}/reverse,DateAction,CommandResult,bills.reverse,scope; If-Match where required; legal transition; approved snapshot; domain guards,required,required,coordinated inverse journal/subledger; dependency guards
get_orgs_orgId_entities_entityId_credit_notes,R1,GET,/api/v1/orgs/{orgId}/entities/{entityId}/credit-notes,ListQuery,CreditList,credit_notes.read,"authenticated, membership and entity/object scope",not_applicable,not_applicable,none
post_orgs_orgId_entities_entityId_credit_notes,R1,POST,/api/v1/orgs/{orgId}/entities/{entityId}/credit-notes,CreditCreate,Credit,credit_notes.create,"authenticated, membership and entity/object scope",required,not_applicable,draft only
get_orgs_orgId_entities_entityId_credit_notes_id,R1,GET,/api/v1/orgs/{orgId}/entities/{entityId}/credit-notes/{id},NoBody,Credit,credit_notes.read,"authenticated, membership and entity/object scope",not_applicable,not_applicable,none
patch_orgs_orgId_entities_entityId_credit_notes_id,R1,PATCH,/api/v1/orgs/{orgId}/entities/{entityId}/credit-notes/{id},CreditPatch,Credit,credit_notes.update,"authenticated, membership and entity/object scope",not_applicable,required,draft/master permitted fields only
post_orgs_orgId_entities_entityId_credit_notes_id_submit,R1,POST,/api/v1/orgs/{orgId}/entities/{entityId}/credit-notes/{id}/submit,Transition,CommandResult,credit_notes.submit,scope; If-Match where required; legal transition; approved snapshot; domain guards,required,required,freeze snapshot
post_orgs_orgId_entities_entityId_credit_notes_id_approve,R1,POST,/api/v1/orgs/{orgId}/entities/{entityId}/credit-notes/{id}/approve,Transition,CommandResult,credit_notes.approve,scope; If-Match where required; legal transition; approved snapshot; domain guards,required,required,approval only; independent checker
post_orgs_orgId_entities_entityId_credit_notes_id_reject,R1,POST,/api/v1/orgs/{orgId}/entities/{entityId}/credit-notes/{id}/reject,Reason,CommandResult,credit_notes.approve,scope; If-Match where required; legal transition; approved snapshot; domain guards,required,required,invalidate approval; return to draft
post_orgs_orgId_entities_entityId_credit_notes_id_post,R1,POST,/api/v1/orgs/{orgId}/entities/{entityId}/credit-notes/{id}/post,NoBody,CommandResult,credit_notes.post,scope; If-Match where required; legal transition; approved snapshot; domain guards,required,required,"atomic posting matrix; subledger, journal, audit, outbox"
post_orgs_orgId_entities_entityId_credit_notes_id_cancel,R1,POST,/api/v1/orgs/{orgId}/entities/{entityId}/credit-notes/{id}/cancel,Reason,CommandResult,credit_notes.update,scope; If-Match where required; legal transition; approved snapshot; domain guards,required,required,pre-post only; release draft reservations
post_orgs_orgId_entities_entityId_credit_notes_id_reverse,R1,POST,/api/v1/orgs/{orgId}/entities/{entityId}/credit-notes/{id}/reverse,DateAction,CommandResult,credit_notes.reverse,scope; If-Match where required; legal transition; approved snapshot; domain guards,required,required,coordinated inverse journal/subledger; dependency guards
get_orgs_orgId_entities_entityId_settlements,R1,GET,/api/v1/orgs/{orgId}/entities/{entityId}/settlements,ListQuery,SettlementList,settlements.read,"authenticated, membership and entity/object scope",not_applicable,not_applicable,none
post_orgs_orgId_entities_entityId_settlements,R1,POST,/api/v1/orgs/{orgId}/entities/{entityId}/settlements,SettlementCreate,Settlement,settlements.create,"authenticated, membership and entity/object scope",required,not_applicable,draft only
get_orgs_orgId_entities_entityId_settlements_id,R1,GET,/api/v1/orgs/{orgId}/entities/{entityId}/settlements/{id},NoBody,Settlement,settlements.read,"authenticated, membership and entity/object scope",not_applicable,not_applicable,none
patch_orgs_orgId_entities_entityId_settlements_id,R1,PATCH,/api/v1/orgs/{orgId}/entities/{entityId}/settlements/{id},SettlementPatch,Settlement,settlements.update,"authenticated, membership and entity/object scope",not_applicable,required,draft/master permitted fields only
post_orgs_orgId_entities_entityId_settlements_id_submit,R1,POST,/api/v1/orgs/{orgId}/entities/{entityId}/settlements/{id}/submit,Transition,CommandResult,settlements.submit,scope; If-Match where required; legal transition; approved snapshot; domain guards,required,required,freeze snapshot
post_orgs_orgId_entities_entityId_settlements_id_approve,R1,POST,/api/v1/orgs/{orgId}/entities/{entityId}/settlements/{id}/approve,Transition,CommandResult,settlements.approve,scope; If-Match where required; legal transition; approved snapshot; domain guards,required,required,approval only; independent checker
post_orgs_orgId_entities_entityId_settlements_id_reject,R1,POST,/api/v1/orgs/{orgId}/entities/{entityId}/settlements/{id}/reject,Reason,CommandResult,settlements.approve,scope; If-Match where required; legal transition; approved snapshot; domain guards,required,required,invalidate approval; return to draft
post_orgs_orgId_entities_entityId_settlements_id_post,R1,POST,/api/v1/orgs/{orgId}/entities/{entityId}/settlements/{id}/post,NoBody,CommandResult,settlements.post,scope; If-Match where required; legal transition; approved snapshot; domain guards,required,required,"atomic posting matrix; subledger, journal, audit, outbox"
post_orgs_orgId_entities_entityId_settlements_id_cancel,R1,POST,/api/v1/orgs/{orgId}/entities/{entityId}/settlements/{id}/cancel,Reason,CommandResult,settlements.update,scope; If-Match where required; legal transition; approved snapshot; domain guards,required,required,pre-post only; release draft reservations
post_orgs_orgId_entities_entityId_settlements_id_reverse,R1,POST,/api/v1/orgs/{orgId}/entities/{entityId}/settlements/{id}/reverse,DateAction,CommandResult,settlements.reverse,scope; If-Match where required; legal transition; approved snapshot; domain guards,required,required,coordinated inverse journal/subledger; dependency guards
get_orgs_orgId_entities_entityId_transfers,R1,GET,/api/v1/orgs/{orgId}/entities/{entityId}/transfers,ListQuery,TransferList,transfers.read,"authenticated, membership and entity/object scope",not_applicable,not_applicable,none
post_orgs_orgId_entities_entityId_transfers,R1,POST,/api/v1/orgs/{orgId}/entities/{entityId}/transfers,TransferCreate,Transfer,transfers.create,"authenticated, membership and entity/object scope",required,not_applicable,draft only
get_orgs_orgId_entities_entityId_transfers_id,R1,GET,/api/v1/orgs/{orgId}/entities/{entityId}/transfers/{id},NoBody,Transfer,transfers.read,"authenticated, membership and entity/object scope",not_applicable,not_applicable,none
patch_orgs_orgId_entities_entityId_transfers_id,R1,PATCH,/api/v1/orgs/{orgId}/entities/{entityId}/transfers/{id},TransferPatch,Transfer,transfers.update,"authenticated, membership and entity/object scope",not_applicable,required,draft/master permitted fields only
post_orgs_orgId_entities_entityId_transfers_id_submit,R1,POST,/api/v1/orgs/{orgId}/entities/{entityId}/transfers/{id}/submit,Transition,CommandResult,transfers.submit,scope; If-Match where required; legal transition; approved snapshot; domain guards,required,required,freeze snapshot
post_orgs_orgId_entities_entityId_transfers_id_approve,R1,POST,/api/v1/orgs/{orgId}/entities/{entityId}/transfers/{id}/approve,Transition,CommandResult,transfers.approve,scope; If-Match where required; legal transition; approved snapshot; domain guards,required,required,approval only; independent checker
post_orgs_orgId_entities_entityId_transfers_id_reject,R1,POST,/api/v1/orgs/{orgId}/entities/{entityId}/transfers/{id}/reject,Reason,CommandResult,transfers.approve,scope; If-Match where required; legal transition; approved snapshot; domain guards,required,required,invalidate approval; return to draft
post_orgs_orgId_entities_entityId_transfers_id_post,R1,POST,/api/v1/orgs/{orgId}/entities/{entityId}/transfers/{id}/post,NoBody,CommandResult,transfers.post,scope; If-Match where required; legal transition; approved snapshot; domain guards,required,required,"atomic posting matrix; subledger, journal, audit, outbox"
post_orgs_orgId_entities_entityId_transfers_id_cancel,R1,POST,/api/v1/orgs/{orgId}/entities/{entityId}/transfers/{id}/cancel,Reason,CommandResult,transfers.update,scope; If-Match where required; legal transition; approved snapshot; domain guards,required,required,pre-post only; release draft reservations
post_orgs_orgId_entities_entityId_transfers_id_reverse,R1,POST,/api/v1/orgs/{orgId}/entities/{entityId}/transfers/{id}/reverse,DateAction,CommandResult,transfers.reverse,scope; If-Match where required; legal transition; approved snapshot; domain guards,required,required,coordinated inverse journal/subledger; dependency guards
get_orgs_orgId_entities_entityId_expenses,R1,GET,/api/v1/orgs/{orgId}/entities/{entityId}/expenses,ListQuery,ExpenseList,expenses.read,"authenticated, membership and entity/object scope",not_applicable,not_applicable,none
post_orgs_orgId_entities_entityId_expenses,R1,POST,/api/v1/orgs/{orgId}/entities/{entityId}/expenses,ExpenseCreate,Expense,expenses.create,"authenticated, membership and entity/object scope",required,not_applicable,draft only
get_orgs_orgId_entities_entityId_expenses_id,R1,GET,/api/v1/orgs/{orgId}/entities/{entityId}/expenses/{id},NoBody,Expense,expenses.read,"authenticated, membership and entity/object scope",not_applicable,not_applicable,none
patch_orgs_orgId_entities_entityId_expenses_id,R1,PATCH,/api/v1/orgs/{orgId}/entities/{entityId}/expenses/{id},ExpensePatch,Expense,expenses.update,"authenticated, membership and entity/object scope",not_applicable,required,draft/master permitted fields only
post_orgs_orgId_entities_entityId_expenses_id_submit,R1,POST,/api/v1/orgs/{orgId}/entities/{entityId}/expenses/{id}/submit,Transition,CommandResult,expenses.submit,scope; If-Match where required; legal transition; approved snapshot; domain guards,required,required,freeze snapshot
post_orgs_orgId_entities_entityId_expenses_id_approve,R1,POST,/api/v1/orgs/{orgId}/entities/{entityId}/expenses/{id}/approve,Transition,CommandResult,expenses.approve,scope; If-Match where required; legal transition; approved snapshot; domain guards,required,required,approval only; independent checker
post_orgs_orgId_entities_entityId_expenses_id_reject,R1,POST,/api/v1/orgs/{orgId}/entities/{entityId}/expenses/{id}/reject,Reason,CommandResult,expenses.approve,scope; If-Match where required; legal transition; approved snapshot; domain guards,required,required,invalidate approval; return to draft
post_orgs_orgId_entities_entityId_expenses_id_post,R1,POST,/api/v1/orgs/{orgId}/entities/{entityId}/expenses/{id}/post,NoBody,CommandResult,expenses.post,scope; If-Match where required; legal transition; approved snapshot; domain guards,required,required,"atomic posting matrix; subledger, journal, audit, outbox"
post_orgs_orgId_entities_entityId_expenses_id_cancel,R1,POST,/api/v1/orgs/{orgId}/entities/{entityId}/expenses/{id}/cancel,Reason,CommandResult,expenses.update,scope; If-Match where required; legal transition; approved snapshot; domain guards,required,required,pre-post only; release draft reservations
post_orgs_orgId_entities_entityId_expenses_id_reverse,R1,POST,/api/v1/orgs/{orgId}/entities/{entityId}/expenses/{id}/reverse,DateAction,CommandResult,expenses.reverse,scope; If-Match where required; legal transition; approved snapshot; domain guards,required,required,coordinated inverse journal/subledger; dependency guards
get_orgs_orgId_entities_entityId_allocations,R1,GET,/api/v1/orgs/{orgId}/entities/{entityId}/allocations,ListQuery,AllocationList,settlements.read,"authenticated, membership and entity/object scope",not_applicable,not_applicable,none
post_orgs_orgId_entities_entityId_allocations,R1,POST,/api/v1/orgs/{orgId}/entities/{entityId}/allocations,AllocationCreate,Allocation,settlements.post,"authenticated, membership and entity/object scope",required,not_applicable,allocate and reclassify deposits/advances if needed
post_orgs_orgId_entities_entityId_allocations_id_reverse,R1,POST,/api/v1/orgs/{orgId}/entities/{entityId}/allocations/{id}/reverse,DateAction,CommandResult,settlements.reverse,"authenticated, membership and entity/object scope",required,required,reverse allocation and its reclassification if any
get_orgs_orgId_entities_entityId_parties_id_statement,R1,GET,/api/v1/orgs/{orgId}/entities/{entityId}/parties/{id}/statement,StatementQuery,PartyStatement,parties.read,"authenticated, membership and entity/object scope",not_applicable,not_applicable,none
post_orgs_orgId_entities_entityId_invoices_id_collection_notes,R1,POST,/api/v1/orgs/{orgId}/entities/{entityId}/invoices/{id}/collection-notes,CollectionNoteCreate,CollectionNote,invoices.update,"authenticated, membership and entity/object scope",required,required,no GL; forecast assumption only
get_orgs_orgId_entities_entityId_fiscal_years,R1,GET,/api/v1/orgs/{orgId}/entities/{entityId}/fiscal-years,ListQuery,FiscalYearList,periods.read,"authenticated, membership and entity/object scope",not_applicable,not_applicable,none
post_orgs_orgId_entities_entityId_fiscal_years,R1,POST,/api/v1/orgs/{orgId}/entities/{entityId}/fiscal-years,PeriodCreate,FiscalYear,periods.create,"authenticated, membership and entity/object scope",required,not_applicable,configure calendar
get_orgs_orgId_entities_entityId_periods,R1,GET,/api/v1/orgs/{orgId}/entities/{entityId}/periods,ListQuery,PeriodList,periods.read,"authenticated, membership and entity/object scope",not_applicable,not_applicable,none
get_orgs_orgId_entities_entityId_periods_id,R1,GET,/api/v1/orgs/{orgId}/entities/{entityId}/periods/{id},NoBody,Period,periods.read,"authenticated, membership and entity/object scope",not_applicable,not_applicable,none
post_orgs_orgId_entities_entityId_periods_id_close_preview,R1,POST,/api/v1/orgs/{orgId}/entities/{entityId}/periods/{id}/close-preview,NoBody,PreviewResult,periods.read,scope; If-Match where required; legal transition; approved snapshot; domain guards,required,not_applicable,reconciliation/checklist only
post_orgs_orgId_entities_entityId_periods_id_soft_close,R1,POST,/api/v1/orgs/{orgId}/entities/{entityId}/periods/{id}/soft-close,CloseRequest,CommandResult,periods.close,scope; If-Match where required; legal transition; approved snapshot; domain guards,required,required,lock for adjustment-only posting
post_orgs_orgId_entities_entityId_periods_id_hard_close,R1,POST,/api/v1/orgs/{orgId}/entities/{entityId}/periods/{id}/hard-close,CloseRequest,CommandResult,periods.close,scope; If-Match where required; legal transition; approved snapshot; domain guards,required,required,lock all posting
post_orgs_orgId_entities_entityId_periods_id_reopen_request,R1,POST,/api/v1/orgs/{orgId}/entities/{entityId}/periods/{id}/reopen-request,Reason,CommandResult,periods.reopen,scope; If-Match where required; legal transition; approved snapshot; domain guards,required,required,create independent approval request
post_orgs_orgId_entities_entityId_period_reopen_requests_id_approve,R1,POST,/api/v1/orgs/{orgId}/entities/{entityId}/period-reopen-requests/{id}/approve,Transition,CommandResult,periods.approve,"authenticated, membership and entity/object scope",required,required,independent approval; no reopen yet
post_orgs_orgId_entities_entityId_period_reopen_requests_id_execute,R1,POST,/api/v1/orgs/{orgId}/entities/{entityId}/period-reopen-requests/{id}/execute,Reason,CommandResult,periods.reopen,"authenticated, membership and entity/object scope",required,required,new period/close version; preserve historical evidence
post_orgs_orgId_entities_entityId_fiscal_years_id_year_close_preview,R1,POST,/api/v1/orgs/{orgId}/entities/{entityId}/fiscal-years/{id}/year-close-preview,NoBody,PreviewResult,periods.read,scope; If-Match where required; legal transition; approved snapshot; domain guards,required,not_applicable,checklist and retained earnings preview
post_orgs_orgId_entities_entityId_fiscal_years_id_year_close,R1,POST,/api/v1/orgs/{orgId}/entities/{entityId}/fiscal-years/{id}/year-close,CloseRequest,CommandResult,periods.close,scope; If-Match where required; legal transition; approved snapshot; domain guards,required,required,one idempotent closing event
get_orgs_orgId_entities_entityId_bank_imports,R1,GET,/api/v1/orgs/{orgId}/entities/{entityId}/bank-imports,ListQuery,BankImportList,banking.read,"authenticated, membership and entity/object scope",not_applicable,not_applicable,none
post_orgs_orgId_entities_entityId_bank_imports,R1,POST,/api/v1/orgs/{orgId}/entities/{entityId}/bank-imports,BankImportCreate,BankImport,banking.create,"authenticated, membership and entity/object scope",required,not_applicable,draft only
get_orgs_orgId_entities_entityId_bank_imports_id,R1,GET,/api/v1/orgs/{orgId}/entities/{entityId}/bank-imports/{id},NoBody,BankImport,banking.read,"authenticated, membership and entity/object scope",not_applicable,not_applicable,none
post_orgs_orgId_entities_entityId_bank_imports_id_validate,R1,POST,/api/v1/orgs/{orgId}/entities/{entityId}/bank-imports/{id}/validate,NoBody,PreviewResult,banking.create,scope; If-Match where required; legal transition; approved snapshot; domain guards,required,required,normalize/deduplicate only
post_orgs_orgId_entities_entityId_bank_imports_id_commit,R1,POST,/api/v1/orgs/{orgId}/entities/{entityId}/bank-imports/{id}/commit,ImportCommit,CommandResult,banking.post,scope; If-Match where required; legal transition; approved snapshot; domain guards,required,required,statement rows only; no GL
get_orgs_orgId_entities_entityId_bank_statement_lines,R1,GET,/api/v1/orgs/{orgId}/entities/{entityId}/bank-statement-lines,ListQuery,StatementLineList,banking.read,"authenticated, membership and entity/object scope",not_applicable,not_applicable,none
get_orgs_orgId_entities_entityId_reconciliations,R1,GET,/api/v1/orgs/{orgId}/entities/{entityId}/reconciliations,ListQuery,ReconciliationList,banking.read,"authenticated, membership and entity/object scope",not_applicable,not_applicable,none
post_orgs_orgId_entities_entityId_reconciliations,R1,POST,/api/v1/orgs/{orgId}/entities/{entityId}/reconciliations,ReconciliationCreate,Reconciliation,banking.create,"authenticated, membership and entity/object scope",required,not_applicable,draft only
get_orgs_orgId_entities_entityId_reconciliations_id,R1,GET,/api/v1/orgs/{orgId}/entities/{entityId}/reconciliations/{id},NoBody,Reconciliation,banking.read,"authenticated, membership and entity/object scope",not_applicable,not_applicable,none
post_orgs_orgId_entities_entityId_reconciliations_id_matches,R1,POST,/api/v1/orgs/{orgId}/entities/{entityId}/reconciliations/{id}/matches,MatchCreate,CommandResult,banking.reconcile,scope; If-Match where required; legal transition; approved snapshot; domain guards,required,required,reserve/match; no new journal
post_orgs_orgId_entities_entityId_reconciliations_id_submit,R1,POST,/api/v1/orgs/{orgId}/entities/{entityId}/reconciliations/{id}/submit,Transition,CommandResult,banking.submit,scope; If-Match where required; legal transition; approved snapshot; domain guards,required,required,freeze matches
post_orgs_orgId_entities_entityId_reconciliations_id_approve,R1,POST,/api/v1/orgs/{orgId}/entities/{entityId}/reconciliations/{id}/approve,Transition,CommandResult,banking.approve,scope; If-Match where required; legal transition; approved snapshot; domain guards,required,required,independent review
post_orgs_orgId_entities_entityId_reconciliations_id_complete,R1,POST,/api/v1/orgs/{orgId}/entities/{entityId}/reconciliations/{id}/complete,NoBody,CommandResult,banking.reconcile,scope; If-Match where required; legal transition; approved snapshot; domain guards,required,required,mark only if difference zero
post_orgs_orgId_entities_entityId_reconciliations_id_reopen,R1,POST,/api/v1/orgs/{orgId}/entities/{entityId}/reconciliations/{id}/reopen,Reason,CommandResult,banking.reopen,scope; If-Match where required; legal transition; approved snapshot; domain guards,required,required,audit reopening and reconcile state
post_orgs_orgId_entities_entityId_reconciliations_id_matches_matchId_unlink,R1,POST,/api/v1/orgs/{orgId}/entities/{entityId}/reconciliations/{id}/matches/{matchId}/unlink,Reason,CommandResult,banking.reconcile,"authenticated, membership and entity/object scope",required,required,release match; no GL mutation
get_orgs_orgId_entities_entityId_rate_versions,R1,GET,/api/v1/orgs/{orgId}/entities/{entityId}/rate-versions,ListQuery,RateList,rates.read,"authenticated, membership and entity/object scope",not_applicable,not_applicable,none
post_orgs_orgId_entities_entityId_rate_versions,R1,POST,/api/v1/orgs/{orgId}/entities/{entityId}/rate-versions,RateCreate,Rate,rates.create,"authenticated, membership and entity/object scope",required,not_applicable,draft only
get_orgs_orgId_entities_entityId_rate_versions_id,R1,GET,/api/v1/orgs/{orgId}/entities/{entityId}/rate-versions/{id},NoBody,Rate,rates.read,"authenticated, membership and entity/object scope",not_applicable,not_applicable,none
post_orgs_orgId_entities_entityId_rate_versions_id_submit,R1,POST,/api/v1/orgs/{orgId}/entities/{entityId}/rate-versions/{id}/submit,Transition,CommandResult,rates.submit,scope; If-Match where required; legal transition; approved snapshot; domain guards,required,required,freeze rate version
post_orgs_orgId_entities_entityId_rate_versions_id_approve,R1,POST,/api/v1/orgs/{orgId}/entities/{entityId}/rate-versions/{id}/approve,Transition,CommandResult,rates.approve,scope; If-Match where required; legal transition; approved snapshot; domain guards,required,required,enable after checks
post_orgs_orgId_entities_entityId_rate_versions_id_retire,R1,POST,/api/v1/orgs/{orgId}/entities/{entityId}/rate-versions/{id}/retire,RetireRequest,CommandResult,rates.update,scope; If-Match where required; legal transition; approved snapshot; domain guards,required,required,end future applicability; preserve consumed history
post_orgs_orgId_entities_entityId_workers_id_private_change_requests,R1,POST,/api/v1/orgs/{orgId}/entities/{entityId}/workers/{id}/private-change-requests,WorkerPrivateChange,PrivateChange,worker_private.create,"authenticated, membership and entity/object scope",required,required,no current detail change
get_orgs_orgId_entities_entityId_workers_id_private_details,R1,GET,/api/v1/orgs/{orgId}/entities/{entityId}/workers/{id}/private-details,NoBody,WorkerPrivateDetails,worker_private.read,"authenticated, membership and entity/object scope",not_applicable,not_applicable,none
post_orgs_orgId_entities_entityId_worker_private_changes_id_approve,R1,POST,/api/v1/orgs/{orgId}/entities/{entityId}/worker-private-changes/{id}/approve,Transition,CommandResult,worker_private.approve,"authenticated, membership and entity/object scope",required,required,activate independently approved sensitive details
post_orgs_orgId_entities_entityId_bank_accounts_id_private_change_requests,R1,POST,/api/v1/orgs/{orgId}/entities/{entityId}/bank-accounts/{id}/private-change-requests,BankPrivateChange,PrivateChange,bank_private.create,"authenticated, membership and entity/object scope",required,required,no current detail change
get_orgs_orgId_entities_entityId_bank_accounts_id_private_details,R1,GET,/api/v1/orgs/{orgId}/entities/{entityId}/bank-accounts/{id}/private-details,NoBody,BankPrivateDetails,bank_private.read,"authenticated, membership and entity/object scope",not_applicable,not_applicable,none
post_orgs_orgId_entities_entityId_bank_private_changes_id_approve,R1,POST,/api/v1/orgs/{orgId}/entities/{entityId}/bank-private-changes/{id}/approve,Transition,CommandResult,bank_private.approve,"authenticated, membership and entity/object scope",required,required,activate independently approved sensitive details
get_orgs_orgId_entities_entityId_attendance,R1,GET,/api/v1/orgs/{orgId}/entities/{entityId}/attendance,ListQuery,AttendanceList,attendance.read,"authenticated, membership and entity/object scope",not_applicable,not_applicable,none
post_orgs_orgId_entities_entityId_attendance_batches,R1,POST,/api/v1/orgs/{orgId}/entities/{entityId}/attendance/batches,AttendanceBatch,AttendanceBatchResult,attendance.create,"authenticated, membership and entity/object scope",required,not_applicable,draft only; atomic batch
get_orgs_orgId_entities_entityId_attendance_id,R1,GET,/api/v1/orgs/{orgId}/entities/{entityId}/attendance/{id},NoBody,Attendance,attendance.read,"authenticated, membership and entity/object scope",not_applicable,not_applicable,none
post_orgs_orgId_entities_entityId_attendance_id_submit,R1,POST,/api/v1/orgs/{orgId}/entities/{entityId}/attendance/{id}/submit,Transition,CommandResult,attendance.submit,scope; If-Match where required; legal transition; approved snapshot; domain guards,required,required,freeze revision
post_orgs_orgId_entities_entityId_attendance_id_approve,R1,POST,/api/v1/orgs/{orgId}/entities/{entityId}/attendance/{id}/approve,Transition,CommandResult,attendance.approve,scope; If-Match where required; legal transition; approved snapshot; domain guards,required,required,"approve source, not payroll/billing"
post_orgs_orgId_entities_entityId_attendance_id_reject,R1,POST,/api/v1/orgs/{orgId}/entities/{entityId}/attendance/{id}/reject,Reason,CommandResult,attendance.approve,scope; If-Match where required; legal transition; approved snapshot; domain guards,required,required,return for correction
get_orgs_orgId_entities_entityId_attendance_adjustments,R1,GET,/api/v1/orgs/{orgId}/entities/{entityId}/attendance-adjustments,ListQuery,AttendanceAdjustmentList,attendance.read,"authenticated, membership and entity/object scope",not_applicable,not_applicable,none
post_orgs_orgId_entities_entityId_attendance_adjustments,R1,POST,/api/v1/orgs/{orgId}/entities/{entityId}/attendance-adjustments,AttendanceCorrection,AttendanceAdjustment,attendance.create,"authenticated, membership and entity/object scope",required,not_applicable,draft only
get_orgs_orgId_entities_entityId_attendance_adjustments_id,R1,GET,/api/v1/orgs/{orgId}/entities/{entityId}/attendance-adjustments/{id},NoBody,AttendanceAdjustment,attendance.read,"authenticated, membership and entity/object scope",not_applicable,not_applicable,none
post_orgs_orgId_entities_entityId_attendance_adjustments_id_submit,R1,POST,/api/v1/orgs/{orgId}/entities/{entityId}/attendance-adjustments/{id}/submit,Transition,CommandResult,attendance.submit,scope; If-Match where required; legal transition; approved snapshot; domain guards,required,required,freeze correction
post_orgs_orgId_entities_entityId_attendance_adjustments_id_approve,R1,POST,/api/v1/orgs/{orgId}/entities/{entityId}/attendance-adjustments/{id}/approve,Transition,CommandResult,attendance.approve,scope; If-Match where required; legal transition; approved snapshot; domain guards,required,required,new revision and separate downstream delta queues
post_orgs_orgId_entities_entityId_attendance_adjustments_id_reject,R1,POST,/api/v1/orgs/{orgId}/entities/{entityId}/attendance-adjustments/{id}/reject,Reason,CommandResult,attendance.approve,scope; If-Match where required; legal transition; approved snapshot; domain guards,required,required,no downstream effects
get_orgs_orgId_entities_entityId_advances,R1,GET,/api/v1/orgs/{orgId}/entities/{entityId}/advances,ListQuery,AdvanceList,advances.read,"authenticated, membership and entity/object scope",not_applicable,not_applicable,none
post_orgs_orgId_entities_entityId_advances,R1,POST,/api/v1/orgs/{orgId}/entities/{entityId}/advances,AdvanceCreate,Advance,advances.create,"authenticated, membership and entity/object scope",required,not_applicable,draft only
get_orgs_orgId_entities_entityId_advances_id,R1,GET,/api/v1/orgs/{orgId}/entities/{entityId}/advances/{id},NoBody,Advance,advances.read,"authenticated, membership and entity/object scope",not_applicable,not_applicable,none
patch_orgs_orgId_entities_entityId_advances_id,R1,PATCH,/api/v1/orgs/{orgId}/entities/{entityId}/advances/{id},AdvancePatch,Advance,advances.update,"authenticated, membership and entity/object scope",not_applicable,required,draft/master permitted fields only
post_orgs_orgId_entities_entityId_advances_id_submit,R1,POST,/api/v1/orgs/{orgId}/entities/{entityId}/advances/{id}/submit,Transition,CommandResult,advances.submit,scope; If-Match where required; legal transition; approved snapshot; domain guards,required,required,freeze
post_orgs_orgId_entities_entityId_advances_id_approve,R1,POST,/api/v1/orgs/{orgId}/entities/{entityId}/advances/{id}/approve,Transition,CommandResult,advances.approve,scope; If-Match where required; legal transition; approved snapshot; domain guards,required,required,approve only
post_orgs_orgId_entities_entityId_advances_id_reject,R1,POST,/api/v1/orgs/{orgId}/entities/{entityId}/advances/{id}/reject,Reason,CommandResult,advances.approve,scope; If-Match where required; legal transition; approved snapshot; domain guards,required,required,return draft
post_orgs_orgId_entities_entityId_advances_id_cancel,R1,POST,/api/v1/orgs/{orgId}/entities/{entityId}/advances/{id}/cancel,Reason,CommandResult,advances.update,scope; If-Match where required; legal transition; approved snapshot; domain guards,required,required,only undisbursed
post_orgs_orgId_entities_entityId_advances_id_disburse,R1,POST,/api/v1/orgs/{orgId}/entities/{entityId}/advances/{id}/disburse,AdvanceDisburse,CommandResult,advances.settle,scope; If-Match where required; legal transition; approved snapshot; domain guards,required,required,Dr advance / Cr cash
post_orgs_orgId_entities_entityId_advances_id_returns,R1,POST,/api/v1/orgs/{orgId}/entities/{entityId}/advances/{id}/returns,AdvanceReturn,CommandResult,advances.settle,scope; If-Match where required; legal transition; approved snapshot; domain guards,required,required,Dr cash / Cr advance
get_orgs_orgId_entities_entityId_payroll_runs,R1,GET,/api/v1/orgs/{orgId}/entities/{entityId}/payroll-runs,ListQuery,PayrollList,payroll.read,"authenticated, membership and entity/object scope",not_applicable,not_applicable,none
post_orgs_orgId_entities_entityId_payroll_runs,R1,POST,/api/v1/orgs/{orgId}/entities/{entityId}/payroll-runs,PayrollCreate,Payroll,payroll.create,"authenticated, membership and entity/object scope",required,not_applicable,draft only
get_orgs_orgId_entities_entityId_payroll_runs_id,R1,GET,/api/v1/orgs/{orgId}/entities/{entityId}/payroll-runs/{id},NoBody,Payroll,payroll.read,"authenticated, membership and entity/object scope",not_applicable,not_applicable,none
post_orgs_orgId_entities_entityId_payroll_runs_id_calculate,R1,POST,/api/v1/orgs/{orgId}/entities/{entityId}/payroll-runs/{id}/calculate,CalculationRequest,CalculationResult,payroll.create,scope; If-Match where required; legal transition; approved snapshot; domain guards,required,required,snapshot/reserve source; no GL
post_orgs_orgId_entities_entityId_payroll_runs_id_submit,R1,POST,/api/v1/orgs/{orgId}/entities/{entityId}/payroll-runs/{id}/submit,Transition,CommandResult,payroll.submit,scope; If-Match where required; legal transition; approved snapshot; domain guards,required,required,freeze reviewed calculation
post_orgs_orgId_entities_entityId_payroll_runs_id_approve,R1,POST,/api/v1/orgs/{orgId}/entities/{entityId}/payroll-runs/{id}/approve,Transition,CommandResult,payroll.approve,scope; If-Match where required; legal transition; approved snapshot; domain guards,required,required,independent checker
post_orgs_orgId_entities_entityId_payroll_runs_id_reject,R1,POST,/api/v1/orgs/{orgId}/entities/{entityId}/payroll-runs/{id}/reject,Reason,CommandResult,payroll.approve,scope; If-Match where required; legal transition; approved snapshot; domain guards,required,required,invalidate approval
post_orgs_orgId_entities_entityId_payroll_runs_id_post,R1,POST,/api/v1/orgs/{orgId}/entities/{entityId}/payroll-runs/{id}/post,NoBody,CommandResult,payroll.post,scope; If-Match where required; legal transition; approved snapshot; domain guards,required,required,payroll matrix; consume sources
post_orgs_orgId_entities_entityId_payroll_runs_id_cancel,R1,POST,/api/v1/orgs/{orgId}/entities/{entityId}/payroll-runs/{id}/cancel,Reason,CommandResult,payroll.update,scope; If-Match where required; legal transition; approved snapshot; domain guards,required,required,pre-post only; release reservations
post_orgs_orgId_entities_entityId_payroll_runs_id_reverse,R1,POST,/api/v1/orgs/{orgId}/entities/{entityId}/payroll-runs/{id}/reverse,DateAction,CommandResult,payroll.reverse,scope; If-Match where required; legal transition; approved snapshot; domain guards,required,required,coordinated reversal with settlement guards
post_orgs_orgId_entities_entityId_payroll_runs_id_payments,R1,POST,/api/v1/orgs/{orgId}/entities/{entityId}/payroll-runs/{id}/payments,PayrollPaymentRequest,CommandResult,payroll.settle,scope; If-Match where required; legal transition; approved snapshot; domain guards,required,required,Dr wages payable / Cr cash
get_orgs_orgId_entities_entityId_payroll_runs_id_payslips,R1,GET,/api/v1/orgs/{orgId}/entities/{entityId}/payroll-runs/{id}/payslips,ListQuery,PayslipList,payroll.read,"authenticated, membership and entity/object scope",not_applicable,not_applicable,none
get_orgs_orgId_entities_entityId_billing_runs,R1,GET,/api/v1/orgs/{orgId}/entities/{entityId}/billing-runs,ListQuery,BillingList,billing.read,"authenticated, membership and entity/object scope",not_applicable,not_applicable,none
post_orgs_orgId_entities_entityId_billing_runs,R1,POST,/api/v1/orgs/{orgId}/entities/{entityId}/billing-runs,BillingCreate,Billing,billing.create,"authenticated, membership and entity/object scope",required,not_applicable,draft only
get_orgs_orgId_entities_entityId_billing_runs_id,R1,GET,/api/v1/orgs/{orgId}/entities/{entityId}/billing-runs/{id},NoBody,Billing,billing.read,"authenticated, membership and entity/object scope",not_applicable,not_applicable,none
post_orgs_orgId_entities_entityId_billing_runs_id_calculate,R1,POST,/api/v1/orgs/{orgId}/entities/{entityId}/billing-runs/{id}/calculate,CalculationRequest,CalculationResult,billing.create,scope; If-Match where required; legal transition; approved snapshot; domain guards,required,required,snapshot/reserve; no GL
post_orgs_orgId_entities_entityId_billing_runs_id_submit,R1,POST,/api/v1/orgs/{orgId}/entities/{entityId}/billing-runs/{id}/submit,Transition,CommandResult,billing.submit,scope; If-Match where required; legal transition; approved snapshot; domain guards,required,required,freeze
post_orgs_orgId_entities_entityId_billing_runs_id_approve,R1,POST,/api/v1/orgs/{orgId}/entities/{entityId}/billing-runs/{id}/approve,Transition,CommandResult,billing.approve,scope; If-Match where required; legal transition; approved snapshot; domain guards,required,required,independent checker
post_orgs_orgId_entities_entityId_billing_runs_id_reject,R1,POST,/api/v1/orgs/{orgId}/entities/{entityId}/billing-runs/{id}/reject,Reason,CommandResult,billing.approve,scope; If-Match where required; legal transition; approved snapshot; domain guards,required,required,invalidate approval
post_orgs_orgId_entities_entityId_billing_runs_id_create_invoices,R1,POST,/api/v1/orgs/{orgId}/entities/{entityId}/billing-runs/{id}/create-invoices,BillingInvoiceRequest,CommandResult,billing.post,scope; If-Match where required; legal transition; approved snapshot; domain guards,required,required,create draft invoices; transfer reservations; consume at invoice post; no GL until post
post_orgs_orgId_entities_entityId_billing_runs_id_cancel,R1,POST,/api/v1/orgs/{orgId}/entities/{entityId}/billing-runs/{id}/cancel,Reason,CommandResult,billing.update,scope; If-Match where required; legal transition; approved snapshot; domain guards,required,required,only before invoice creation; release reservations
get_orgs_orgId_entities_entityId_rule_versions,R1,GET,/api/v1/orgs/{orgId}/entities/{entityId}/rule-versions,ListQuery,PolicyDraftList,rules.read,"authenticated, membership and entity/object scope",not_applicable,not_applicable,none
post_orgs_orgId_entities_entityId_rule_versions,R1,POST,/api/v1/orgs/{orgId}/entities/{entityId}/rule-versions,PolicyDraft,PolicyDraft,rules.create,"authenticated, membership and entity/object scope",required,not_applicable,draft only
get_orgs_orgId_entities_entityId_rule_versions_id,R1,GET,/api/v1/orgs/{orgId}/entities/{entityId}/rule-versions/{id},NoBody,PolicyDraft,rules.read,"authenticated, membership and entity/object scope",not_applicable,not_applicable,none
post_orgs_orgId_entities_entityId_rule_versions_id_verify,R1,POST,/api/v1/orgs/{orgId}/entities/{entityId}/rule-versions/{id}/verify,RuleVerification,CommandResult,rules.verify,scope; If-Match where required; legal transition; approved snapshot; domain guards,required,required,named reviewer verifies evidence/applicability
post_orgs_orgId_entities_entityId_rule_versions_id_activate,R1,POST,/api/v1/orgs/{orgId}/entities/{entityId}/rule-versions/{id}/activate,RuleActivate,CommandResult,rules.activate,scope; If-Match where required; legal transition; approved snapshot; domain guards,required,required,only reviewed tested version
post_orgs_orgId_entities_entityId_rule_versions_id_retire,R1,POST,/api/v1/orgs/{orgId}/entities/{entityId}/rule-versions/{id}/retire,RetireRequest,CommandResult,rules.update,scope; If-Match where required; legal transition; approved snapshot; domain guards,required,required,future only; keep historical version
get_orgs_orgId_entities_entityId_account_mappings,R1,GET,/api/v1/orgs/{orgId}/entities/{entityId}/account-mappings,NoBody,AccountMappings,settings.read,"authenticated, membership and entity/object scope",not_applicable,not_applicable,none
patch_orgs_orgId_entities_entityId_account_mappings,R1,PATCH,/api/v1/orgs/{orgId}/entities/{entityId}/account-mappings,AccountMappingsPatch,AccountMappings,settings.update,"authenticated, membership and entity/object scope",not_applicable,required,versioned mapping; no historical rewrites
get_orgs_orgId_entities_entityId_approval_policies,R1,GET,/api/v1/orgs/{orgId}/entities/{entityId}/approval-policies,ListQuery,ApprovalPolicyList,approvals.read,"authenticated, membership and entity/object scope",not_applicable,not_applicable,none
post_orgs_orgId_entities_entityId_approval_policies,R1,POST,/api/v1/orgs/{orgId}/entities/{entityId}/approval-policies,ApprovalPolicyCreate,ApprovalPolicy,approvals.create,"authenticated, membership and entity/object scope",required,not_applicable,draft only
get_orgs_orgId_entities_entityId_approval_policies_id,R1,GET,/api/v1/orgs/{orgId}/entities/{entityId}/approval-policies/{id},NoBody,ApprovalPolicy,approvals.read,"authenticated, membership and entity/object scope",not_applicable,not_applicable,none
post_orgs_orgId_entities_entityId_approval_policies_id_activate,R1,POST,/api/v1/orgs/{orgId}/entities/{entityId}/approval-policies/{id}/activate,Transition,CommandResult,approval_policies.activate,scope; If-Match where required; legal transition; approved snapshot; domain guards,required,required,new policy for future submissions
get_orgs_orgId_entities_entityId_approvals,R1,GET,/api/v1/orgs/{orgId}/entities/{entityId}/approvals,ListQuery,ApprovalList,approvals.read,"authenticated, membership and entity/object scope",not_applicable,not_applicable,none
get_orgs_orgId_entities_entityId_audit_events,R1,GET,/api/v1/orgs/{orgId}/entities/{entityId}/audit-events,AuditQuery,AuditEventList,audit.read,"authenticated, membership and entity/object scope",not_applicable,not_applicable,none
post_orgs_orgId_entities_entityId_documents_upload_requests,R1,POST,/api/v1/orgs/{orgId}/entities/{entityId}/documents/upload-requests,DocumentUploadRequest,UploadGrant,documents.create,"authenticated, membership and entity/object scope",required,not_applicable,quarantine only
post_orgs_orgId_entities_entityId_documents_id_complete,R1,POST,/api/v1/orgs/{orgId}/entities/{entityId}/documents/{id}/complete,UploadComplete,Document,documents.create,"authenticated, membership and entity/object scope",required,required,server verify/scan; no GL
post_orgs_orgId_entities_entityId_documents_id_download_link,R1,POST,/api/v1/orgs/{orgId}/entities/{entityId}/documents/{id}/download-link,NoBody,DownloadGrant,documents.read,current owner/field permission; clean scan; signed expiry,required,not_applicable,none
get_orgs_orgId_entities_entityId_documents_id,R1,GET,/api/v1/orgs/{orgId}/entities/{entityId}/documents/{id},NoBody,Document,documents.read,"authenticated, membership and entity/object scope",not_applicable,not_applicable,none
post_orgs_orgId_entities_entityId_documents_id_archive,R1,POST,/api/v1/orgs/{orgId}/entities/{entityId}/documents/{id}/archive,Reason,CommandResult,documents.update,"authenticated, membership and entity/object scope",required,required,retain evidence/holds; not hard delete
get_orgs_orgId_entities_entityId_imports,R1,GET,/api/v1/orgs/{orgId}/entities/{entityId}/imports,ListQuery,ImportList,imports.read,"authenticated, membership and entity/object scope",not_applicable,not_applicable,none
post_orgs_orgId_entities_entityId_imports,R1,POST,/api/v1/orgs/{orgId}/entities/{entityId}/imports,ImportCreate,Import,imports.create,"authenticated, membership and entity/object scope",required,not_applicable,draft only
get_orgs_orgId_entities_entityId_imports_id,R1,GET,/api/v1/orgs/{orgId}/entities/{entityId}/imports/{id},NoBody,Import,imports.read,"authenticated, membership and entity/object scope",not_applicable,not_applicable,none
post_orgs_orgId_entities_entityId_imports_id_validate,R1,POST,/api/v1/orgs/{orgId}/entities/{entityId}/imports/{id}/validate,NoBody,PreviewResult,imports.create,scope; If-Match where required; legal transition; approved snapshot; domain guards,required,required,staging only
post_orgs_orgId_entities_entityId_imports_id_submit,R1,POST,/api/v1/orgs/{orgId}/entities/{entityId}/imports/{id}/submit,Transition,CommandResult,imports.submit,scope; If-Match where required; legal transition; approved snapshot; domain guards,required,required,freeze financial import
post_orgs_orgId_entities_entityId_imports_id_approve,R1,POST,/api/v1/orgs/{orgId}/entities/{entityId}/imports/{id}/approve,Transition,CommandResult,imports.approve,scope; If-Match where required; legal transition; approved snapshot; domain guards,required,required,independent checker
post_orgs_orgId_entities_entityId_imports_id_commit,R1,POST,/api/v1/orgs/{orgId}/entities/{entityId}/imports/{id}/commit,ImportCommit,CommandResult,imports.post,scope; If-Match where required; legal transition; approved snapshot; domain guards,required,required,domain-service commit; financial batch atomic
post_orgs_orgId_entities_entityId_imports_id_cancel,R1,POST,/api/v1/orgs/{orgId}/entities/{entityId}/imports/{id}/cancel,Reason,CommandResult,imports.update,scope; If-Match where required; legal transition; approved snapshot; domain guards,required,required,no undo of committed finance
get_orgs_orgId_entities_entityId_opening_batches,R1,GET,/api/v1/orgs/{orgId}/entities/{entityId}/opening-batches,ListQuery,OpeningBatchList,opening.read,"authenticated, membership and entity/object scope",not_applicable,not_applicable,none
get_orgs_orgId_entities_entityId_opening_batches_id,R1,GET,/api/v1/orgs/{orgId}/entities/{entityId}/opening-batches/{id},NoBody,OpeningBatch,opening.read,"authenticated, membership and entity/object scope",not_applicable,not_applicable,none
post_orgs_orgId_entities_entityId_opening_batches,R1,POST,/api/v1/orgs/{orgId}/entities/{entityId}/opening-batches,OpeningRequest,OpeningBatch,opening.create,"authenticated, membership and entity/object scope",required,not_applicable,draft only
post_orgs_orgId_entities_entityId_opening_batches_id_submit,R1,POST,/api/v1/orgs/{orgId}/entities/{entityId}/opening-batches/{id}/submit,Transition,CommandResult,opening.submit,scope; If-Match where required; legal transition; approved snapshot; domain guards,required,required,freeze balanced staging
post_orgs_orgId_entities_entityId_opening_batches_id_approve,R1,POST,/api/v1/orgs/{orgId}/entities/{entityId}/opening-batches/{id}/approve,Transition,CommandResult,opening.approve,scope; If-Match where required; legal transition; approved snapshot; domain guards,required,required,independent checker
post_orgs_orgId_entities_entityId_opening_batches_id_post,R1,POST,/api/v1/orgs/{orgId}/entities/{entityId}/opening-batches/{id}/post,NoBody,CommandResult,opening.post,scope; If-Match where required; legal transition; approved snapshot; domain guards,required,required,one opening journal plus reconciled subledgers
get_orgs_orgId_entities_entityId_jobs_id,R1,GET,/api/v1/orgs/{orgId}/entities/{entityId}/jobs/{id},NoBody,Job,jobs.read,"authenticated, membership and entity/object scope",not_applicable,not_applicable,none
post_orgs_orgId_entities_entityId_jobs_id_retry,R1,POST,/api/v1/orgs/{orgId}/entities/{entityId}/jobs/{id}/retry,Reason,JobResult,jobs.update,"authenticated, membership and entity/object scope",required,required,idempotent resume; no duplicate effects
get_orgs_orgId_entities_entityId_reports_reportType,R1,GET,/api/v1/orgs/{orgId}/entities/{entityId}/reports/{reportType},ReportQuery,ReportResult,reports.read,"authenticated, membership and entity/object scope",not_applicable,not_applicable,none
post_orgs_orgId_entities_entityId_exports,R1,POST,/api/v1/orgs/{orgId}/entities/{entityId}/exports,ExportCreate,JobResult,reports.export,"authenticated, membership and entity/object scope",required,not_applicable,read-only background snapshot
get_orgs_orgId_entities_entityId_exports_id,R1,GET,/api/v1/orgs/{orgId}/entities/{entityId}/exports/{id},NoBody,Export,reports.export,"authenticated, membership and entity/object scope",not_applicable,not_applicable,none
get_orgs_orgId_entities_entityId_dashboard_owner,R1,GET,/api/v1/orgs/{orgId}/entities/{entityId}/dashboard/owner,DashboardQuery,DashboardResult,dashboard.owner,"authenticated, membership and entity/object scope",not_applicable,not_applicable,none
get_orgs_orgId_entities_entityId_dashboard_finance,R1,GET,/api/v1/orgs/{orgId}/entities/{entityId}/dashboard/finance,DashboardQuery,DashboardResult,dashboard.finance,"authenticated, membership and entity/object scope",not_applicable,not_applicable,none
get_orgs_orgId_entities_entityId_dashboard_site,R1,GET,/api/v1/orgs/{orgId}/entities/{entityId}/dashboard/site,DashboardQuery,DashboardResult,dashboard.site,"authenticated, membership and entity/object scope",not_applicable,not_applicable,none
get_orgs_orgId_entities_entityId_alerts,R1,GET,/api/v1/orgs/{orgId}/entities/{entityId}/alerts,ListQuery,AlertList,alerts.read,"authenticated, membership and entity/object scope",not_applicable,not_applicable,none
post_orgs_orgId_entities_entityId_alerts_id_acknowledge,R1,POST,/api/v1/orgs/{orgId}/entities/{entityId}/alerts/{id}/acknowledge,Reason,CommandResult,alerts.update,"authenticated, membership and entity/object scope",required,required,acknowledgement only
get_orgs_orgId_entities_entityId_forecasts,R1,GET,/api/v1/orgs/{orgId}/entities/{entityId}/forecasts,ListQuery,ForecastList,forecasts.read,"authenticated, membership and entity/object scope",not_applicable,not_applicable,none
post_orgs_orgId_entities_entityId_forecasts,R1,POST,/api/v1/orgs/{orgId}/entities/{entityId}/forecasts,ForecastCreate,Forecast,forecasts.create,"authenticated, membership and entity/object scope",required,not_applicable,draft only
get_orgs_orgId_entities_entityId_forecasts_id,R1,GET,/api/v1/orgs/{orgId}/entities/{entityId}/forecasts/{id},NoBody,Forecast,forecasts.read,"authenticated, membership and entity/object scope",not_applicable,not_applicable,none
post_orgs_orgId_entities_entityId_forecasts_id_recalculate,R1,POST,/api/v1/orgs/{orgId}/entities/{entityId}/forecasts/{id}/recalculate,NoBody,CommandResult,forecasts.recalculate,scope; If-Match where required; legal transition; approved snapshot; domain guards,required,required,new calculation snapshot; no GL
post_orgs_orgId_entities_entityId_forecasts_id_clone,R1,POST,/api/v1/orgs/{orgId}/entities/{entityId}/forecasts/{id}/clone,ForecastClone,CommandResult,forecasts.clone,scope; If-Match where required; legal transition; approved snapshot; domain guards,required,not_applicable,new scenario; no GL
post_orgs_orgId_entities_entityId_sync_batches,R1,POST,/api/v1/orgs/{orgId}/entities/{entityId}/sync/batches,SyncBatch,SyncResult,sync.create,"authenticated, membership and entity/object scope",required,not_applicable,drafts only; reauthorize every operation
get_orgs_orgId_entities_entityId_sync_status,R1,GET,/api/v1/orgs/{orgId}/entities/{entityId}/sync/status,SyncQuery,SyncStatus,sync.read,"authenticated, membership and entity/object scope",not_applicable,not_applicable,none
